/*
 Navicat Premium Data Transfer

 Source Server         : 本地
 Source Server Type    : MySQL
 Source Server Version : 80022
 Source Host           : localhost:3306
 Source Schema         : blog

 Target Server Type    : MySQL
 Target Server Version : 80022
 File Encoding         : 65001

 Date: 09/11/2020 14:51:40
*/

SET NAMES utf8mb4;
SET FOREIGN_KEY_CHECKS = 0;

-- ----------------------------
-- Table structure for jobs
-- ----------------------------
DROP TABLE IF EXISTS `jobs`;
CREATE TABLE `jobs` (
  `id` bigint unsigned NOT NULL AUTO_INCREMENT,
  `queue` varchar(255) COLLATE utf8mb4_unicode_ci NOT NULL,
  `payload` longtext COLLATE utf8mb4_unicode_ci NOT NULL,
  `attempts` tinyint unsigned NOT NULL,
  `reserved_at` int unsigned DEFAULT NULL,
  `available_at` int unsigned NOT NULL,
  `created_at` int unsigned NOT NULL,
  PRIMARY KEY (`id`),
  KEY `jobs_queue_index` (`queue`)
) ENGINE=InnoDB AUTO_INCREMENT=2 DEFAULT CHARSET=utf8mb4 COLLATE=utf8mb4_unicode_ci;

-- ----------------------------
-- Table structure for migrations
-- ----------------------------
DROP TABLE IF EXISTS `migrations`;
CREATE TABLE `migrations` (
  `id` int unsigned NOT NULL AUTO_INCREMENT,
  `migration` varchar(255) COLLATE utf8mb4_unicode_ci NOT NULL,
  `batch` int NOT NULL,
  PRIMARY KEY (`id`)
) ENGINE=InnoDB AUTO_INCREMENT=8 DEFAULT CHARSET=utf8mb4 COLLATE=utf8mb4_unicode_ci;

-- ----------------------------
-- Records of migrations
-- ----------------------------
BEGIN;
INSERT INTO `migrations` VALUES (1, '2014_10_12_000000_create_users_table', 1);
INSERT INTO `migrations` VALUES (2, '2014_10_12_100000_create_password_resets_table', 1);
INSERT INTO `migrations` VALUES (3, '2020_10_29_072625_create_posts_table', 1);
INSERT INTO `migrations` VALUES (4, '2020_10_29_161321_create_tags_table', 2);
INSERT INTO `migrations` VALUES (5, '2020_10_29_161337_create_post_tag_pivot', 2);
INSERT INTO `migrations` VALUES (6, '2020_10_30_142717_restructure_posts_table', 3);
INSERT INTO `migrations` VALUES (7, '2020_11_04_155649_create_jobs_table', 4);
COMMIT;

-- ----------------------------
-- Table structure for password_resets
-- ----------------------------
DROP TABLE IF EXISTS `password_resets`;
CREATE TABLE `password_resets` (
  `email` varchar(255) COLLATE utf8mb4_unicode_ci NOT NULL,
  `token` varchar(255) COLLATE utf8mb4_unicode_ci NOT NULL,
  `created_at` timestamp NULL DEFAULT NULL,
  KEY `password_resets_email_index` (`email`)
) ENGINE=InnoDB DEFAULT CHARSET=utf8mb4 COLLATE=utf8mb4_unicode_ci;

-- ----------------------------
-- Table structure for post_tag_pivot
-- ----------------------------
DROP TABLE IF EXISTS `post_tag_pivot`;
CREATE TABLE `post_tag_pivot` (
  `id` int unsigned NOT NULL AUTO_INCREMENT,
  `post_id` int unsigned NOT NULL,
  `tag_id` int unsigned NOT NULL,
  `created_at` timestamp NULL DEFAULT NULL,
  `updated_at` timestamp NULL DEFAULT NULL,
  PRIMARY KEY (`id`),
  KEY `post_tag_pivot_post_id_index` (`post_id`),
  KEY `post_tag_pivot_tag_id_index` (`tag_id`)
) ENGINE=InnoDB AUTO_INCREMENT=19 DEFAULT CHARSET=utf8mb4 COLLATE=utf8mb4_unicode_ci;

-- ----------------------------
-- Records of post_tag_pivot
-- ----------------------------
BEGIN;
INSERT INTO `post_tag_pivot` VALUES (1, 2, 2, NULL, NULL);
INSERT INTO `post_tag_pivot` VALUES (2, 3, 3, NULL, NULL);
INSERT INTO `post_tag_pivot` VALUES (3, 6, 1, NULL, NULL);
INSERT INTO `post_tag_pivot` VALUES (4, 6, 4, NULL, NULL);
INSERT INTO `post_tag_pivot` VALUES (5, 8, 1, NULL, NULL);
INSERT INTO `post_tag_pivot` VALUES (6, 8, 3, NULL, NULL);
INSERT INTO `post_tag_pivot` VALUES (7, 9, 5, NULL, NULL);
INSERT INTO `post_tag_pivot` VALUES (8, 10, 4, NULL, NULL);
INSERT INTO `post_tag_pivot` VALUES (9, 11, 4, NULL, NULL);
INSERT INTO `post_tag_pivot` VALUES (10, 12, 5, NULL, NULL);
INSERT INTO `post_tag_pivot` VALUES (11, 13, 1, NULL, NULL);
INSERT INTO `post_tag_pivot` VALUES (12, 13, 3, NULL, NULL);
INSERT INTO `post_tag_pivot` VALUES (13, 15, 1, NULL, NULL);
INSERT INTO `post_tag_pivot` VALUES (14, 15, 3, NULL, NULL);
INSERT INTO `post_tag_pivot` VALUES (15, 16, 5, NULL, NULL);
INSERT INTO `post_tag_pivot` VALUES (16, 19, 1, NULL, NULL);
INSERT INTO `post_tag_pivot` VALUES (17, 19, 2, NULL, NULL);
INSERT INTO `post_tag_pivot` VALUES (18, 20, 1, NULL, NULL);
COMMIT;

-- ----------------------------
-- Table structure for posts
-- ----------------------------
DROP TABLE IF EXISTS `posts`;
CREATE TABLE `posts` (
  `id` int unsigned NOT NULL AUTO_INCREMENT,
  `slug` varchar(255) COLLATE utf8mb4_unicode_ci NOT NULL,
  `title` varchar(255) COLLATE utf8mb4_unicode_ci NOT NULL,
  `subtitle` varchar(255) COLLATE utf8mb4_unicode_ci NOT NULL,
  `content_raw` text COLLATE utf8mb4_unicode_ci NOT NULL,
  `content_html` text COLLATE utf8mb4_unicode_ci NOT NULL,
  `page_image` varchar(255) COLLATE utf8mb4_unicode_ci NOT NULL,
  `meta_description` varchar(255) COLLATE utf8mb4_unicode_ci NOT NULL,
  `is_draft` tinyint(1) NOT NULL,
  `layout` varchar(255) COLLATE utf8mb4_unicode_ci NOT NULL DEFAULT 'blog.layouts.post',
  `deleted_at` timestamp NULL DEFAULT NULL,
  `published_at` timestamp NULL DEFAULT NULL,
  `created_at` timestamp NULL DEFAULT NULL,
  `updated_at` timestamp NULL DEFAULT NULL,
  PRIMARY KEY (`id`),
  UNIQUE KEY `posts_slug_unique` (`slug`)
) ENGINE=InnoDB AUTO_INCREMENT=21 DEFAULT CHARSET=utf8mb4 COLLATE=utf8mb4_unicode_ci;

-- ----------------------------
-- Records of posts
-- ----------------------------
BEGIN;
INSERT INTO `posts` VALUES (1, 'tgiwo3nz5fa2587031625-0', 'Quia eaque tempora ipsum nobis velit accusantium quasi quas possimus distinctio inventore.', 'Consequatur illum itaque temporibus facere ut perspiciatis enim sint reiciendis labore laudantium earum cum.', 'Debitis nulla fuga voluptatem quos vel dolor unde. In asperiores repellendus unde temporibus ipsam veniam. Commodi enim asperiores est iusto minus. Dicta laboriosam quasi hic veniam officia earum rerum.\n\nVoluptas perferendis autem sint at consequatur voluptatem. Laboriosam magnam id quia impedit molestiae provident. Harum deserunt ut rerum. Et inventore vitae iure ducimus.\n\nVoluptatum dicta in et harum autem sapiente. Possimus atque consectetur quia exercitationem.\n\nIllum autem deleniti sed et ut culpa. Quia quasi sunt rerum. Molestiae libero nisi ea quisquam voluptatibus.', '<p>Debitis nulla fuga voluptatem quos vel dolor unde. In asperiores repellendus unde temporibus ipsam veniam. Commodi enim asperiores est iusto minus. Dicta laboriosam quasi hic veniam officia earum rerum.</p>\n\n<p>Voluptas perferendis autem sint at consequatur voluptatem. Laboriosam magnam id quia impedit molestiae provident. Harum deserunt ut rerum. Et inventore vitae iure ducimus.</p>\n\n<p>Voluptatum dicta in et harum autem sapiente. Possimus atque consectetur quia exercitationem.</p>\n\n<p>Illum autem deleniti sed et ut culpa. Quia quasi sunt rerum. Molestiae libero nisi ea quisquam voluptatibus.</p>\n', 'post-bg.jpg', 'Meta for Quia eaque tempora ipsum nobis velit accusantium quasi quas possimus distinctio inventore.', 0, 'blog.layouts.post', NULL, '2020-10-26 04:03:42', '2020-11-04 15:29:52', '2020-11-04 15:29:52');
INSERT INTO `posts` VALUES (2, 'a9fj4tbt5fa2587034ee9-0', 'Inventore reiciendis omnis cum harum velit inventore et quo illum consectetur at.', 'Repellendus ullam et voluptatibus voluptatem sint et itaque repellendus quod dolorum ut eum possimus pariatur quia tempora sequi quisquam consectetur.', 'Accusantium ut voluptate facilis ab esse non occaecati. Cum expedita et unde ratione omnis dolorum. Quas non amet dolorem eveniet magnam fugit.\n\nPerspiciatis necessitatibus dolores voluptatem esse esse voluptatem. Est odio ut dolore qui. Ut voluptas amet quasi. Inventore porro sed aut quibusdam unde veniam.\n\nAliquam expedita quas alias omnis ut odio. Qui est exercitationem magni quas est.\n\nNisi reprehenderit deleniti reprehenderit nihil. Ratione tenetur aut eveniet laboriosam sint. Nisi non doloribus deleniti dolor. Quam dolore maiores optio totam consequuntur cupiditate.\n\nOptio officiis dicta expedita expedita dolorem enim. Eos consequatur enim aut perspiciatis ad. Deleniti amet quam animi consequatur porro expedita molestiae.\n\nUt officia molestiae quos id. Saepe earum earum culpa autem voluptate qui ut tempora. Animi sed magnam omnis quo consequatur culpa. Rem fuga sed debitis est quas voluptatem.', '<p>Accusantium ut voluptate facilis ab esse non occaecati. Cum expedita et unde ratione omnis dolorum. Quas non amet dolorem eveniet magnam fugit.</p>\n\n<p>Perspiciatis necessitatibus dolores voluptatem esse esse voluptatem. Est odio ut dolore qui. Ut voluptas amet quasi. Inventore porro sed aut quibusdam unde veniam.</p>\n\n<p>Aliquam expedita quas alias omnis ut odio. Qui est exercitationem magni quas est.</p>\n\n<p>Nisi reprehenderit deleniti reprehenderit nihil. Ratione tenetur aut eveniet laboriosam sint. Nisi non doloribus deleniti dolor. Quam dolore maiores optio totam consequuntur cupiditate.</p>\n\n<p>Optio officiis dicta expedita expedita dolorem enim. Eos consequatur enim aut perspiciatis ad. Deleniti amet quam animi consequatur porro expedita molestiae.</p>\n\n<p>Ut officia molestiae quos id. Saepe earum earum culpa autem voluptate qui ut tempora. Animi sed magnam omnis quo consequatur culpa. Rem fuga sed debitis est quas voluptatem.</p>\n', 'post-bg.jpg', 'Meta for Inventore reiciendis omnis cum harum velit inventore et quo illum consectetur at.', 0, 'blog.layouts.post', NULL, '2020-10-09 08:13:03', '2020-11-04 15:29:52', '2020-11-04 15:29:52');
INSERT INTO `posts` VALUES (3, '4iiydhpf5fa2587035d60-0', 'Quo inventore temporibus facere voluptate omnis nihil.', 'Dolore aspernatur ut est aut nihil voluptatum debitis sit architecto aut ad architecto dolorem aperiam et deserunt id aut beatae modi ad exercitationem.', 'Occaecati cumque fugit dolorem ex sit. Ratione aut odit maxime quo atque harum labore. Laboriosam doloremque minus qui qui ut. Sequi eveniet eaque quia doloremque hic quisquam.\n\nCupiditate sequi amet nostrum et laborum consequuntur delectus. Rem voluptatem officiis repudiandae veniam qui rem illum tempora. Ullam enim placeat officia non fuga et et.\n\nEt autem quia repudiandae incidunt reprehenderit consectetur. Corporis aut optio exercitationem laborum provident. Error doloremque voluptas asperiores quaerat voluptates.\n\nAperiam id voluptatem omnis ad. Sed accusamus nostrum ut consequuntur et inventore. Perspiciatis vel veniam iste veniam sint sint sed. Qui consequatur id cum laborum corrupti.\n\nAutem non labore veniam corporis odit in dolor. Optio consequuntur reprehenderit ab earum. Impedit occaecati porro illo aut laborum eius possimus. Quia error eaque velit nobis qui libero dolores officiis.', '<p>Occaecati cumque fugit dolorem ex sit. Ratione aut odit maxime quo atque harum labore. Laboriosam doloremque minus qui qui ut. Sequi eveniet eaque quia doloremque hic quisquam.</p>\n\n<p>Cupiditate sequi amet nostrum et laborum consequuntur delectus. Rem voluptatem officiis repudiandae veniam qui rem illum tempora. Ullam enim placeat officia non fuga et et.</p>\n\n<p>Et autem quia repudiandae incidunt reprehenderit consectetur. Corporis aut optio exercitationem laborum provident. Error doloremque voluptas asperiores quaerat voluptates.</p>\n\n<p>Aperiam id voluptatem omnis ad. Sed accusamus nostrum ut consequuntur et inventore. Perspiciatis vel veniam iste veniam sint sint sed. Qui consequatur id cum laborum corrupti.</p>\n\n<p>Autem non labore veniam corporis odit in dolor. Optio consequuntur reprehenderit ab earum. Impedit occaecati porro illo aut laborum eius possimus. Quia error eaque velit nobis qui libero dolores officiis.</p>\n', 'home-bg.jpg', 'Meta for Quo inventore temporibus facere voluptate omnis nihil.', 0, 'blog.layouts.post', NULL, '2020-11-01 17:19:15', '2020-11-04 15:29:52', '2020-11-04 15:29:52');
INSERT INTO `posts` VALUES (4, 'fgibit125fa25870368c4-0', 'Molestiae facere quam quia.', 'Ad fugit aut dolor delectus incidunt veritatis aut animi nulla est corrupti at magnam eum velit rerum quis.', 'Aut nihil nulla voluptas enim maiores reprehenderit ea. Magnam velit deserunt omnis sint sequi corporis. Et illo porro perspiciatis recusandae neque est.\n\nMaiores eos animi dignissimos blanditiis eos laboriosam. Soluta doloribus quod maxime quaerat sunt porro.\n\nQui ab sit in quis cupiditate id natus nobis. Magnam laboriosam quaerat laborum dolore quaerat quaerat eum. Maxime qui repellat molestias possimus adipisci voluptatem aut. Maiores adipisci consequatur minus nesciunt ut dignissimos voluptas unde.', '<p>Aut nihil nulla voluptas enim maiores reprehenderit ea. Magnam velit deserunt omnis sint sequi corporis. Et illo porro perspiciatis recusandae neque est.</p>\n\n<p>Maiores eos animi dignissimos blanditiis eos laboriosam. Soluta doloribus quod maxime quaerat sunt porro.</p>\n\n<p>Qui ab sit in quis cupiditate id natus nobis. Magnam laboriosam quaerat laborum dolore quaerat quaerat eum. Maxime qui repellat molestias possimus adipisci voluptatem aut. Maiores adipisci consequatur minus nesciunt ut dignissimos voluptas unde.</p>\n', 'contact-bg.jpg', 'Meta for Molestiae facere quam quia.', 0, 'blog.layouts.post', NULL, '2020-10-22 21:31:41', '2020-11-04 15:29:52', '2020-11-04 15:29:52');
INSERT INTO `posts` VALUES (5, 'imr66tg15fa25870371a0-0', 'Saepe temporibus ducimus placeat perspiciatis qui qui.', 'Ab vitae cupiditate iure excepturi maiores est voluptatibus voluptatem quisquam fuga ut.', 'Et minima et modi esse officia qui. In aperiam nulla voluptatem corporis maiores et consectetur. Consequatur accusantium accusantium quidem eius. Id aut iusto ab rerum consequatur.\n\nLaboriosam consectetur et ipsam totam. Aut voluptatem est provident in ipsum. Possimus cum est magni accusantium.\n\nIllum sit maiores et corrupti. Consequuntur magnam corrupti pariatur ullam explicabo debitis voluptates. Eveniet nostrum iusto dolores qui.\n\nVoluptas ipsa iure quibusdam. Sunt dolorem aliquid in culpa nobis. Veritatis alias iste vel error esse earum assumenda. Voluptatem ea praesentium non.', '<p>Et minima et modi esse officia qui. In aperiam nulla voluptatem corporis maiores et consectetur. Consequatur accusantium accusantium quidem eius. Id aut iusto ab rerum consequatur.</p>\n\n<p>Laboriosam consectetur et ipsam totam. Aut voluptatem est provident in ipsum. Possimus cum est magni accusantium.</p>\n\n<p>Illum sit maiores et corrupti. Consequuntur magnam corrupti pariatur ullam explicabo debitis voluptates. Eveniet nostrum iusto dolores qui.</p>\n\n<p>Voluptas ipsa iure quibusdam. Sunt dolorem aliquid in culpa nobis. Veritatis alias iste vel error esse earum assumenda. Voluptatem ea praesentium non.</p>\n', 'home-bg.jpg', 'Meta for Saepe temporibus ducimus placeat perspiciatis qui qui.', 0, 'blog.layouts.post', NULL, '2020-11-04 05:21:02', '2020-11-04 15:29:52', '2020-11-04 15:29:52');
INSERT INTO `posts` VALUES (6, 'w2m8xmfr5fa2587037bf9-0', 'In dolorem nemo magnam sit officiis ullam id quis eos non.', 'Laboriosam id nam reiciendis excepturi error ab eligendi vitae illum optio pariatur maxime perferendis illo id.', 'Reiciendis qui ut assumenda a voluptatem. Est libero illo quaerat iure. Inventore sint rerum dolores delectus labore quas. Enim delectus est quibusdam veniam sit.\n\nIn repudiandae et est earum accusantium eligendi esse. Sequi sit nemo natus id numquam dolores rerum voluptas. Ea voluptas omnis voluptatibus ad maxime.\n\nAtque nemo iste et reiciendis sed mollitia architecto consequuntur. Aliquid qui sed ut veniam ut rerum.', '<p>Reiciendis qui ut assumenda a voluptatem. Est libero illo quaerat iure. Inventore sint rerum dolores delectus labore quas. Enim delectus est quibusdam veniam sit.</p>\n\n<p>In repudiandae et est earum accusantium eligendi esse. Sequi sit nemo natus id numquam dolores rerum voluptas. Ea voluptas omnis voluptatibus ad maxime.</p>\n\n<p>Atque nemo iste et reiciendis sed mollitia architecto consequuntur. Aliquid qui sed ut veniam ut rerum.</p>\n', 'post-bg.jpg', 'Meta for In dolorem nemo magnam sit officiis ullam id quis eos non.', 0, 'blog.layouts.post', NULL, '2020-10-12 14:43:05', '2020-11-04 15:29:52', '2020-11-04 15:29:52');
INSERT INTO `posts` VALUES (7, 'r9fy3vh55fa25870385e8-0', 'Assumenda ut alias modi ullam laborum.', 'Aut pariatur voluptatem alias et ut repellat assumenda qui dolor provident enim vel vitae aliquid consectetur temporibus sed laborum est repudiandae modi in voluptatibus.', 'Et quas porro consequatur voluptas beatae et excepturi ut. Odit dolores doloremque quia. Cupiditate sunt nulla et. Pariatur totam iure nisi quis odio tenetur eaque. Debitis praesentium aut odit quia inventore sunt provident.\n\nNihil iure et reiciendis velit nemo. Omnis officia et eos est placeat laboriosam officiis. Est sint dolores amet ut saepe.\n\nQuia iusto ipsam voluptatem aut et aliquid consequatur. Qui mollitia enim praesentium id mollitia qui ea est. Dicta aut ullam aut est eligendi pariatur.\n\nUt vitae minima nihil est aspernatur perferendis. Aliquam et autem rerum omnis aut sit optio. Velit ut temporibus corporis quasi quia qui tempora. Voluptatem in neque asperiores non sequi distinctio.\n\nIn non ea aut voluptatem consequuntur. Pariatur modi cum voluptas corrupti explicabo autem placeat. Laudantium unde consequatur mollitia cumque.\n\nDoloremque nisi iure rerum illo consequatur. Illo consequuntur reprehenderit reprehenderit et consequatur ducimus. Quisquam et eveniet corrupti illo ratione exercitationem iure. Praesentium occaecati exercitationem dolor neque omnis.', '<p>Et quas porro consequatur voluptas beatae et excepturi ut. Odit dolores doloremque quia. Cupiditate sunt nulla et. Pariatur totam iure nisi quis odio tenetur eaque. Debitis praesentium aut odit quia inventore sunt provident.</p>\n\n<p>Nihil iure et reiciendis velit nemo. Omnis officia et eos est placeat laboriosam officiis. Est sint dolores amet ut saepe.</p>\n\n<p>Quia iusto ipsam voluptatem aut et aliquid consequatur. Qui mollitia enim praesentium id mollitia qui ea est. Dicta aut ullam aut est eligendi pariatur.</p>\n\n<p>Ut vitae minima nihil est aspernatur perferendis. Aliquam et autem rerum omnis aut sit optio. Velit ut temporibus corporis quasi quia qui tempora. Voluptatem in neque asperiores non sequi distinctio.</p>\n\n<p>In non ea aut voluptatem consequuntur. Pariatur modi cum voluptas corrupti explicabo autem placeat. Laudantium unde consequatur mollitia cumque.</p>\n\n<p>Doloremque nisi iure rerum illo consequatur. Illo consequuntur reprehenderit reprehenderit et consequatur ducimus. Quisquam et eveniet corrupti illo ratione exercitationem iure. Praesentium occaecati exercitationem dolor neque omnis.</p>\n', 'post-bg.jpg', 'Meta for Assumenda ut alias modi ullam laborum.', 0, 'blog.layouts.post', NULL, '2020-10-13 16:18:43', '2020-11-04 15:29:52', '2020-11-04 15:29:52');
INSERT INTO `posts` VALUES (8, '6bpvpvf05fa2587039316-0', 'Reprehenderit quas accusantium reprehenderit sed accusamus.', 'Aut aut quod totam est assumenda consequatur qui explicabo nostrum non iusto beatae harum voluptatem vel vel nam qui consectetur voluptatem impedit facilis.', 'Incidunt nobis repellendus et quis earum dolorum expedita explicabo. Autem et omnis rerum velit consequatur repudiandae tenetur. Facere beatae odit nesciunt qui similique asperiores.\n\nLaborum aliquam illo est sint occaecati et facere. Perspiciatis a quibusdam doloribus consequuntur ex libero recusandae dolores. Necessitatibus earum placeat minima consequatur. Et sed doloremque possimus eligendi optio omnis facere saepe.\n\nQui ut nostrum quam id quidem qui atque voluptatum. Qui eveniet distinctio voluptates nesciunt. Ex sint ipsum temporibus in. Omnis beatae et non temporibus magni.\n\nIllo laudantium et facere eaque natus enim. Qui hic fuga necessitatibus asperiores. Et eos aut est modi. Tenetur odio ab ut dicta rem voluptates aut.', '<p>Incidunt nobis repellendus et quis earum dolorum expedita explicabo. Autem et omnis rerum velit consequatur repudiandae tenetur. Facere beatae odit nesciunt qui similique asperiores.</p>\n\n<p>Laborum aliquam illo est sint occaecati et facere. Perspiciatis a quibusdam doloribus consequuntur ex libero recusandae dolores. Necessitatibus earum placeat minima consequatur. Et sed doloremque possimus eligendi optio omnis facere saepe.</p>\n\n<p>Qui ut nostrum quam id quidem qui atque voluptatum. Qui eveniet distinctio voluptates nesciunt. Ex sint ipsum temporibus in. Omnis beatae et non temporibus magni.</p>\n\n<p>Illo laudantium et facere eaque natus enim. Qui hic fuga necessitatibus asperiores. Et eos aut est modi. Tenetur odio ab ut dicta rem voluptates aut.</p>\n', 'about-bg.jpg', 'Meta for Reprehenderit quas accusantium reprehenderit sed accusamus.', 0, 'blog.layouts.post', NULL, '2020-10-10 08:44:32', '2020-11-04 15:29:52', '2020-11-04 15:29:52');
INSERT INTO `posts` VALUES (9, 'ngfsnupp5fa2587039e2b-0', 'Provident est cupiditate suscipit consequuntur necessitatibus nulla laboriosam debitis.', 'Rerum itaque vel et officiis ut et recusandae et omnis omnis voluptas esse.', 'In nobis sit ut consequatur. Alias et enim ut animi ipsum autem quo. Aperiam quia quis veritatis maiores labore deleniti eum. Aut delectus tempora ipsa voluptatem eaque earum atque.\n\nInventore quod iste id atque. Sed tempore autem corrupti aspernatur dolor. Aut voluptates nobis aliquid quisquam. Voluptatem animi delectus totam dolorem.\n\nVoluptatem iusto officia nisi est. Debitis culpa facere nihil blanditiis distinctio at. Eum repellat ut error repellendus autem quia ea possimus. Similique qui blanditiis aut eum non nisi qui.\n\nDolore et eius sunt maiores officia. Ea debitis sint reiciendis dicta dicta. Fugiat minus dolores est omnis pariatur sapiente. Debitis optio sed ut quia amet impedit quia.\n\nLaboriosam sequi nobis est voluptatem quis aliquam. Eius nostrum unde quia.', '<p>In nobis sit ut consequatur. Alias et enim ut animi ipsum autem quo. Aperiam quia quis veritatis maiores labore deleniti eum. Aut delectus tempora ipsa voluptatem eaque earum atque.</p>\n\n<p>Inventore quod iste id atque. Sed tempore autem corrupti aspernatur dolor. Aut voluptates nobis aliquid quisquam. Voluptatem animi delectus totam dolorem.</p>\n\n<p>Voluptatem iusto officia nisi est. Debitis culpa facere nihil blanditiis distinctio at. Eum repellat ut error repellendus autem quia ea possimus. Similique qui blanditiis aut eum non nisi qui.</p>\n\n<p>Dolore et eius sunt maiores officia. Ea debitis sint reiciendis dicta dicta. Fugiat minus dolores est omnis pariatur sapiente. Debitis optio sed ut quia amet impedit quia.</p>\n\n<p>Laboriosam sequi nobis est voluptatem quis aliquam. Eius nostrum unde quia.</p>\n', 'about-bg.jpg', 'Meta for Provident est cupiditate suscipit consequuntur necessitatibus nulla laboriosam debitis.', 0, 'blog.layouts.post', NULL, '2020-10-20 19:42:10', '2020-11-04 15:29:52', '2020-11-04 15:29:52');
INSERT INTO `posts` VALUES (10, '1rguc1vz5fa258703aa30-0', 'Totam sed cupiditate necessitatibus fugiat et harum vel impedit consequatur molestiae deserunt harum voluptas.', 'Asperiores placeat veritatis fuga quibusdam voluptatem quia.', 'Ut aliquid aperiam veritatis fugiat. Ut mollitia quia tempora. Accusantium ut quam omnis laborum blanditiis ut voluptatem. Vel facilis nobis ut.\n\nNeque quia laboriosam quod quo reprehenderit alias consequatur. Tempore aut non non reiciendis minima. Omnis quisquam explicabo consectetur itaque voluptas.\n\nMagnam non quos sed minus reiciendis. Quasi quos cumque iure voluptates qui reprehenderit nulla. Corrupti impedit vel asperiores quas corporis inventore. Harum corrupti quam repudiandae dolore suscipit tempore eos. Eum voluptatem enim maiores voluptatem eaque quisquam ab consequatur.\n\nEnim dolore nobis corporis pariatur ex voluptatibus saepe. Eveniet ratione maiores optio reprehenderit quis minima. Modi occaecati eum voluptas modi corrupti. Aliquam cumque et qui. Cupiditate magni iure aut voluptatem eos aliquid.\n\nSed nihil modi harum vel et voluptatibus repudiandae est. Quas est ducimus officiis saepe dolores dignissimos et. Sequi voluptatibus libero voluptates exercitationem.', '<p>Ut aliquid aperiam veritatis fugiat. Ut mollitia quia tempora. Accusantium ut quam omnis laborum blanditiis ut voluptatem. Vel facilis nobis ut.</p>\n\n<p>Neque quia laboriosam quod quo reprehenderit alias consequatur. Tempore aut non non reiciendis minima. Omnis quisquam explicabo consectetur itaque voluptas.</p>\n\n<p>Magnam non quos sed minus reiciendis. Quasi quos cumque iure voluptates qui reprehenderit nulla. Corrupti impedit vel asperiores quas corporis inventore. Harum corrupti quam repudiandae dolore suscipit tempore eos. Eum voluptatem enim maiores voluptatem eaque quisquam ab consequatur.</p>\n\n<p>Enim dolore nobis corporis pariatur ex voluptatibus saepe. Eveniet ratione maiores optio reprehenderit quis minima. Modi occaecati eum voluptas modi corrupti. Aliquam cumque et qui. Cupiditate magni iure aut voluptatem eos aliquid.</p>\n\n<p>Sed nihil modi harum vel et voluptatibus repudiandae est. Quas est ducimus officiis saepe dolores dignissimos et. Sequi voluptatibus libero voluptates exercitationem.</p>\n', 'about-bg.jpg', 'Meta for Totam sed cupiditate necessitatibus fugiat et harum vel impedit consequatur molestiae deserunt harum voluptas.', 0, 'blog.layouts.post', NULL, '2020-11-04 08:02:50', '2020-11-04 15:29:52', '2020-11-04 15:29:52');
INSERT INTO `posts` VALUES (11, 'qycdvtph5fa258703b581-0', 'Et laborum laudantium saepe blanditiis.', 'Et molestiae rerum voluptas id nulla asperiores omnis ab repudiandae vitae accusamus consequuntur ad praesentium rerum impedit harum dolores cumque earum.', 'Maxime numquam ea et commodi voluptates esse necessitatibus. Rem id vel eum voluptas eaque. Blanditiis aut autem id maiores aspernatur est. Qui aut labore excepturi porro aperiam consequatur nihil. Sit aut quae voluptates.\n\nVoluptates veniam fuga tempore repudiandae aliquid. Unde veniam sapiente ea et porro. Velit dolorem illo consequuntur similique illum.\n\nQuia qui voluptatem enim ad sequi consequatur eum nostrum. Excepturi totam cupiditate explicabo possimus doloribus est. Alias debitis maxime est nihil. Consequatur et voluptas perferendis molestias quia porro sequi. In tempora voluptatem doloremque.\n\nNobis fuga et facilis perspiciatis consequuntur quia. Labore incidunt dolorum consequuntur. Itaque enim alias beatae ad facere.\n\nNon sed pariatur doloremque temporibus. Omnis omnis ducimus et quisquam non laborum. Officia eveniet officiis natus provident.', '<p>Maxime numquam ea et commodi voluptates esse necessitatibus. Rem id vel eum voluptas eaque. Blanditiis aut autem id maiores aspernatur est. Qui aut labore excepturi porro aperiam consequatur nihil. Sit aut quae voluptates.</p>\n\n<p>Voluptates veniam fuga tempore repudiandae aliquid. Unde veniam sapiente ea et porro. Velit dolorem illo consequuntur similique illum.</p>\n\n<p>Quia qui voluptatem enim ad sequi consequatur eum nostrum. Excepturi totam cupiditate explicabo possimus doloribus est. Alias debitis maxime est nihil. Consequatur et voluptas perferendis molestias quia porro sequi. In tempora voluptatem doloremque.</p>\n\n<p>Nobis fuga et facilis perspiciatis consequuntur quia. Labore incidunt dolorum consequuntur. Itaque enim alias beatae ad facere.</p>\n\n<p>Non sed pariatur doloremque temporibus. Omnis omnis ducimus et quisquam non laborum. Officia eveniet officiis natus provident.</p>\n', 'contact-bg.jpg', 'Meta for Et laborum laudantium saepe blanditiis.', 0, 'blog.layouts.post', NULL, '2020-10-22 09:01:23', '2020-11-04 15:29:52', '2020-11-04 15:29:52');
INSERT INTO `posts` VALUES (12, '6cugab1d5fa258703c0b3-0', 'Aliquam quia in cumque aspernatur dolor nemo.', 'Aspernatur odit ut aspernatur ipsa laboriosam repudiandae aspernatur voluptate facilis et in in est rerum repellendus.', 'Quis cupiditate nesciunt sit aut et ex. Distinctio et sed tempore cum consequuntur. Asperiores occaecati voluptatem consequatur est repellat qui a.\n\nRerum impedit rem qui molestias cum nobis. Incidunt qui enim et. Fugiat laudantium velit praesentium odit nihil repudiandae minus. Voluptas placeat quaerat sequi numquam delectus consequatur illo veritatis.\n\nEt officiis doloribus ullam. Expedita sint sed mollitia et nam occaecati. Debitis doloribus omnis omnis non provident beatae ad.\n\nEos repellat vel libero id ipsam pariatur distinctio. Incidunt dolor modi dolorem quidem error enim. Sunt tempora totam fugiat incidunt est eaque.', '<p>Quis cupiditate nesciunt sit aut et ex. Distinctio et sed tempore cum consequuntur. Asperiores occaecati voluptatem consequatur est repellat qui a.</p>\n\n<p>Rerum impedit rem qui molestias cum nobis. Incidunt qui enim et. Fugiat laudantium velit praesentium odit nihil repudiandae minus. Voluptas placeat quaerat sequi numquam delectus consequatur illo veritatis.</p>\n\n<p>Et officiis doloribus ullam. Expedita sint sed mollitia et nam occaecati. Debitis doloribus omnis omnis non provident beatae ad.</p>\n\n<p>Eos repellat vel libero id ipsam pariatur distinctio. Incidunt dolor modi dolorem quidem error enim. Sunt tempora totam fugiat incidunt est eaque.</p>\n', 'home-bg.jpg', 'Meta for Aliquam quia in cumque aspernatur dolor nemo.', 0, 'blog.layouts.post', NULL, '2020-11-07 10:47:55', '2020-11-04 15:29:52', '2020-11-04 15:29:52');
INSERT INTO `posts` VALUES (13, '1khfl6fg5fa258703cae7-0', 'Itaque commodi aut repellendus eos ut rerum.', 'Voluptatem eum exercitationem culpa sunt maxime non et voluptatem unde sed consequuntur cumque ut.', 'Quos commodi in quo placeat aspernatur. Quidem dolor voluptatem aut. Incidunt autem nulla maxime minus eos ducimus maxime omnis. Enim corporis animi perspiciatis cupiditate velit rerum quod.\n\nSequi sit consectetur dolorem sint sunt. Aperiam dolor doloribus ea molestiae nihil praesentium. Ratione voluptatem est aut.\n\nTemporibus delectus ex quas dolor aut qui dolorem. Autem praesentium ut numquam ut minima et aut. Qui deleniti reiciendis at necessitatibus labore sint temporibus modi.\n\nCupiditate quasi sint quaerat eos. Debitis est voluptates ut voluptates provident. Impedit aut expedita qui nostrum nostrum temporibus voluptas illum. Vel omnis ut quibusdam consequatur voluptatem.', '<p>Quos commodi in quo placeat aspernatur. Quidem dolor voluptatem aut. Incidunt autem nulla maxime minus eos ducimus maxime omnis. Enim corporis animi perspiciatis cupiditate velit rerum quod.</p>\n\n<p>Sequi sit consectetur dolorem sint sunt. Aperiam dolor doloribus ea molestiae nihil praesentium. Ratione voluptatem est aut.</p>\n\n<p>Temporibus delectus ex quas dolor aut qui dolorem. Autem praesentium ut numquam ut minima et aut. Qui deleniti reiciendis at necessitatibus labore sint temporibus modi.</p>\n\n<p>Cupiditate quasi sint quaerat eos. Debitis est voluptates ut voluptates provident. Impedit aut expedita qui nostrum nostrum temporibus voluptas illum. Vel omnis ut quibusdam consequatur voluptatem.</p>\n', 'contact-bg.jpg', 'Meta for Itaque commodi aut repellendus eos ut rerum.', 0, 'blog.layouts.post', NULL, '2020-11-06 01:51:09', '2020-11-04 15:29:52', '2020-11-04 15:29:52');
INSERT INTO `posts` VALUES (14, 'a968hanu5fa258703d7be-0', 'Modi ipsa eveniet explicabo itaque dolorum.', 'Voluptatum sit unde id fugiat molestiae sunt optio est et dolorum nesciunt debitis est repudiandae illum eum vel ipsa veritatis nesciunt enim.', 'Animi perspiciatis ut vero sequi labore. Quos saepe facilis ipsa nostrum atque voluptate. Fugit sed dolores est temporibus est ipsum maiores.\n\nDolor nihil voluptatem nostrum dolores. Fuga ea rem nihil explicabo autem. Totam quos nisi nihil excepturi.\n\nNulla veritatis omnis aspernatur dolor et sed veritatis alias. Modi aut ipsam nesciunt nihil voluptatem excepturi. Architecto quasi saepe reprehenderit ullam reprehenderit omnis sunt ipsum.\n\nArchitecto reiciendis aut ducimus rerum. Qui labore enim omnis ipsam ut voluptas natus.', '<p>Animi perspiciatis ut vero sequi labore. Quos saepe facilis ipsa nostrum atque voluptate. Fugit sed dolores est temporibus est ipsum maiores.</p>\n\n<p>Dolor nihil voluptatem nostrum dolores. Fuga ea rem nihil explicabo autem. Totam quos nisi nihil excepturi.</p>\n\n<p>Nulla veritatis omnis aspernatur dolor et sed veritatis alias. Modi aut ipsam nesciunt nihil voluptatem excepturi. Architecto quasi saepe reprehenderit ullam reprehenderit omnis sunt ipsum.</p>\n\n<p>Architecto reiciendis aut ducimus rerum. Qui labore enim omnis ipsam ut voluptas natus.</p>\n', 'about-bg.jpg', 'Meta for Modi ipsa eveniet explicabo itaque dolorum.', 0, 'blog.layouts.post', NULL, '2020-11-02 06:50:56', '2020-11-04 15:29:52', '2020-11-04 15:29:52');
INSERT INTO `posts` VALUES (15, 'mwj3bemv5fa258703e220-0', 'Ut et eum ipsum unde consequatur sapiente illum et.', 'Et nihil ut placeat amet eius ea sunt quas dolores quia ea sit minus laboriosam eius accusantium quisquam.', 'Optio sint autem cumque reprehenderit. Ab nostrum assumenda nesciunt. A est aut saepe sequi repudiandae.\n\nAccusamus quia sed dolores ea est provident quia. Optio ex non consectetur dolore ex necessitatibus. In necessitatibus sequi repudiandae quibusdam.\n\nCorrupti eos et debitis perspiciatis et minima molestiae. Ipsa eos perferendis fugit in odio impedit. Molestiae vero aut voluptatem deserunt est.\n\nNatus et molestias eum placeat earum. Deserunt ab in dolorem placeat. Ut nesciunt nulla qui molestiae ratione dolore nostrum. In aut velit veritatis voluptatum dicta iure dolorem. Ut nam est ratione est mollitia velit itaque.', '<p>Optio sint autem cumque reprehenderit. Ab nostrum assumenda nesciunt. A est aut saepe sequi repudiandae.</p>\n\n<p>Accusamus quia sed dolores ea est provident quia. Optio ex non consectetur dolore ex necessitatibus. In necessitatibus sequi repudiandae quibusdam.</p>\n\n<p>Corrupti eos et debitis perspiciatis et minima molestiae. Ipsa eos perferendis fugit in odio impedit. Molestiae vero aut voluptatem deserunt est.</p>\n\n<p>Natus et molestias eum placeat earum. Deserunt ab in dolorem placeat. Ut nesciunt nulla qui molestiae ratione dolore nostrum. In aut velit veritatis voluptatum dicta iure dolorem. Ut nam est ratione est mollitia velit itaque.</p>\n', 'about-bg.jpg', 'Meta for Ut et eum ipsum unde consequatur sapiente illum et.', 0, 'blog.layouts.post', NULL, '2020-10-26 09:57:39', '2020-11-04 15:29:52', '2020-11-04 15:29:52');
INSERT INTO `posts` VALUES (16, 'tzdd14ni5fa258703ec84-0', 'Ipsa corporis qui asperiores.', 'Nihil reiciendis consequatur quas qui vel et aut quia.', 'Tenetur reiciendis dolorem porro ipsa illum illum sapiente. Est reprehenderit dolore facilis neque eum alias ipsa. Repellat ut non iste neque id omnis consectetur.\n\nExercitationem et atque ducimus suscipit sed exercitationem rem. Nobis et dolores illo non incidunt voluptatem odit. Voluptas et ratione suscipit est eveniet.\n\nPerspiciatis deleniti eum odio molestias magni nam. Quidem et corporis quo sequi. Quod repellendus quod atque iste cum.\n\nCupiditate sit nesciunt enim. Dolores tempore dolores quae amet. Autem omnis amet aperiam ratione cum et animi. Debitis delectus aspernatur aut ut.\n\nVoluptate ratione et at autem. Accusantium deserunt consequatur fugiat quam ut iste dolores autem. Impedit repudiandae est voluptates aliquam et sit voluptatibus.', '<p>Tenetur reiciendis dolorem porro ipsa illum illum sapiente. Est reprehenderit dolore facilis neque eum alias ipsa. Repellat ut non iste neque id omnis consectetur.</p>\n\n<p>Exercitationem et atque ducimus suscipit sed exercitationem rem. Nobis et dolores illo non incidunt voluptatem odit. Voluptas et ratione suscipit est eveniet.</p>\n\n<p>Perspiciatis deleniti eum odio molestias magni nam. Quidem et corporis quo sequi. Quod repellendus quod atque iste cum.</p>\n\n<p>Cupiditate sit nesciunt enim. Dolores tempore dolores quae amet. Autem omnis amet aperiam ratione cum et animi. Debitis delectus aspernatur aut ut.</p>\n\n<p>Voluptate ratione et at autem. Accusantium deserunt consequatur fugiat quam ut iste dolores autem. Impedit repudiandae est voluptates aliquam et sit voluptatibus.</p>\n', 'home-bg.jpg', 'Meta for Ipsa corporis qui asperiores.', 0, 'blog.layouts.post', NULL, '2020-11-01 21:43:03', '2020-11-04 15:29:52', '2020-11-04 15:29:52');
INSERT INTO `posts` VALUES (17, '0y2ragdd5fa258703f990-0', 'Recusandae in nostrum sit quia necessitatibus optio rerum.', 'Et alias vel aut et velit sed explicabo non non omnis animi quod et.', 'Eum temporibus impedit porro iste. Explicabo debitis commodi nostrum molestiae et sapiente aut. Iusto et magnam at odit dolorem beatae.\n\nEt ex dolor alias quaerat laboriosam laudantium. Dolores non tempora aut vero. Dolorem magni et quis omnis est natus.\n\nNon quod eius fuga sit ut minima cupiditate. Et aliquid ipsum nemo facilis nihil optio. Aspernatur velit rerum molestiae est aperiam aut voluptatibus.\n\nPraesentium ad distinctio similique qui ad veniam. Et quae accusamus error quo labore temporibus. Cum ab cupiditate magni qui.\n\nAlias ea nihil qui aspernatur perferendis. Nostrum culpa quod amet totam consequuntur. Itaque est maxime vel vero dolorem nam.', '<p>Eum temporibus impedit porro iste. Explicabo debitis commodi nostrum molestiae et sapiente aut. Iusto et magnam at odit dolorem beatae.</p>\n\n<p>Et ex dolor alias quaerat laboriosam laudantium. Dolores non tempora aut vero. Dolorem magni et quis omnis est natus.</p>\n\n<p>Non quod eius fuga sit ut minima cupiditate. Et aliquid ipsum nemo facilis nihil optio. Aspernatur velit rerum molestiae est aperiam aut voluptatibus.</p>\n\n<p>Praesentium ad distinctio similique qui ad veniam. Et quae accusamus error quo labore temporibus. Cum ab cupiditate magni qui.</p>\n\n<p>Alias ea nihil qui aspernatur perferendis. Nostrum culpa quod amet totam consequuntur. Itaque est maxime vel vero dolorem nam.</p>\n', 'home-bg.jpg', 'Meta for Recusandae in nostrum sit quia necessitatibus optio rerum.', 0, 'blog.layouts.post', NULL, '2020-10-07 11:23:00', '2020-11-04 15:29:52', '2020-11-04 15:29:52');
INSERT INTO `posts` VALUES (18, 'tkhzdese5fa258704044f-0', 'Velit beatae iure nulla possimus veritatis facilis.', 'Soluta minus explicabo placeat deserunt cumque voluptas sed et corrupti quidem vel.', 'Nisi vero facilis expedita quo. Rem harum quo sapiente in modi nam. Molestias et non soluta et. Suscipit illo voluptatem perspiciatis neque enim.\n\nAliquid est dolores quia. Voluptatem aut ut unde consectetur rerum soluta dolore corporis. Esse ut sunt ad amet dignissimos. Ducimus sed quis in ipsum qui.\n\nQuo ipsa labore quia fugiat non. Est voluptas dolores et modi.', '<p>Nisi vero facilis expedita quo. Rem harum quo sapiente in modi nam. Molestias et non soluta et. Suscipit illo voluptatem perspiciatis neque enim.</p>\n\n<p>Aliquid est dolores quia. Voluptatem aut ut unde consectetur rerum soluta dolore corporis. Esse ut sunt ad amet dignissimos. Ducimus sed quis in ipsum qui.</p>\n\n<p>Quo ipsa labore quia fugiat non. Est voluptas dolores et modi.</p>\n', 'contact-bg.jpg', 'Meta for Velit beatae iure nulla possimus veritatis facilis.', 0, 'blog.layouts.post', NULL, '2020-10-12 11:57:59', '2020-11-04 15:29:52', '2020-11-04 15:29:52');
INSERT INTO `posts` VALUES (19, 'm8rorvxb5fa2587040fbe-0', 'Atque aliquam quasi sunt omnis et.', 'Exercitationem eos beatae eius laudantium recusandae alias accusantium eos et dignissimos nihil laudantium.', 'Est id ratione id soluta fuga fugiat optio eligendi. Laborum praesentium dolorem soluta praesentium. Natus est in fuga deleniti quasi.\n\nSimilique qui ea itaque nostrum et dignissimos. At officiis corrupti exercitationem doloremque maiores. Id numquam omnis est cupiditate quaerat et eos.\n\nAut ratione repudiandae officiis voluptas. Ex nisi necessitatibus nobis repudiandae soluta possimus ex. Sed dolorem itaque odit deleniti. Quas voluptas autem voluptatem.\n\nQui nihil nam deleniti facere. Voluptas temporibus qui reprehenderit fugiat. Voluptas placeat quod eos omnis dolor voluptatum. Quia aperiam culpa facere quos sunt quod.\n\nNostrum ab alias in id sit eligendi et. Ut aspernatur et totam exercitationem voluptatem. Et corporis sit voluptas qui sed fugiat.', '<p>Est id ratione id soluta fuga fugiat optio eligendi. Laborum praesentium dolorem soluta praesentium. Natus est in fuga deleniti quasi.</p>\n\n<p>Similique qui ea itaque nostrum et dignissimos. At officiis corrupti exercitationem doloremque maiores. Id numquam omnis est cupiditate quaerat et eos.</p>\n\n<p>Aut ratione repudiandae officiis voluptas. Ex nisi necessitatibus nobis repudiandae soluta possimus ex. Sed dolorem itaque odit deleniti. Quas voluptas autem voluptatem.</p>\n\n<p>Qui nihil nam deleniti facere. Voluptas temporibus qui reprehenderit fugiat. Voluptas placeat quod eos omnis dolor voluptatum. Quia aperiam culpa facere quos sunt quod.</p>\n\n<p>Nostrum ab alias in id sit eligendi et. Ut aspernatur et totam exercitationem voluptatem. Et corporis sit voluptas qui sed fugiat.</p>\n', 'contact-bg.jpg', 'Meta for Atque aliquam quasi sunt omnis et.', 0, 'blog.layouts.post', NULL, '2020-11-07 02:52:25', '2020-11-04 15:29:52', '2020-11-04 15:29:52');
INSERT INTO `posts` VALUES (20, 'kxffr4ws5fa2587041c07-0', 'Aspernatur dolor doloribus mollitia qui soluta explicabo consectetur.', 'Nihil et mollitia quo sed deleniti qui repellat quo sed illo eum animi aut aliquid et dolor ullam.', 'Incidunt possimus ipsum voluptatibus. Explicabo sapiente quis autem consectetur corrupti cumque. At tempora qui temporibus.\n\nVoluptatem nisi saepe sunt molestiae sint minus. Ea maiores consequatur et officia libero atque mollitia. Culpa modi vitae aut atque deserunt nobis quo.\n\nIllum fugiat unde fugit fugiat nobis. Suscipit reiciendis cum accusantium quod. Sunt veniam iusto voluptas eaque illo nulla. Distinctio tempore et in maiores molestias id.\n\nMaxime aperiam minus perferendis cupiditate iusto quae aut. Sit dolores recusandae tempora ut aliquid. Cupiditate ducimus vel eveniet repudiandae impedit.\n\nHarum dolorem quos optio mollitia et quas. Quod natus qui dolore qui. Quia consequatur quidem suscipit eum accusantium et dolores. Vel architecto voluptate qui nisi rerum sunt quo.', '<p>Incidunt possimus ipsum voluptatibus. Explicabo sapiente quis autem consectetur corrupti cumque. At tempora qui temporibus.</p>\n\n<p>Voluptatem nisi saepe sunt molestiae sint minus. Ea maiores consequatur et officia libero atque mollitia. Culpa modi vitae aut atque deserunt nobis quo.</p>\n\n<p>Illum fugiat unde fugit fugiat nobis. Suscipit reiciendis cum accusantium quod. Sunt veniam iusto voluptas eaque illo nulla. Distinctio tempore et in maiores molestias id.</p>\n\n<p>Maxime aperiam minus perferendis cupiditate iusto quae aut. Sit dolores recusandae tempora ut aliquid. Cupiditate ducimus vel eveniet repudiandae impedit.</p>\n\n<p>Harum dolorem quos optio mollitia et quas. Quod natus qui dolore qui. Quia consequatur quidem suscipit eum accusantium et dolores. Vel architecto voluptate qui nisi rerum sunt quo.</p>\n', 'contact-bg.jpg', 'Meta for Aspernatur dolor doloribus mollitia qui soluta explicabo consectetur.', 0, 'blog.layouts.post', NULL, '2020-10-25 07:18:30', '2020-11-04 15:29:52', '2020-11-04 15:29:52');
COMMIT;

-- ----------------------------
-- Table structure for tags
-- ----------------------------
DROP TABLE IF EXISTS `tags`;
CREATE TABLE `tags` (
  `id` int unsigned NOT NULL AUTO_INCREMENT,
  `tag` varchar(255) COLLATE utf8mb4_unicode_ci NOT NULL,
  `title` varchar(255) COLLATE utf8mb4_unicode_ci NOT NULL,
  `subtitle` varchar(255) COLLATE utf8mb4_unicode_ci NOT NULL,
  `page_image` varchar(255) COLLATE utf8mb4_unicode_ci NOT NULL,
  `meta_description` varchar(255) COLLATE utf8mb4_unicode_ci NOT NULL,
  `layout` varchar(255) COLLATE utf8mb4_unicode_ci NOT NULL DEFAULT 'blog.layouts.index',
  `reverse_direction` tinyint(1) NOT NULL,
  `created_at` timestamp NULL DEFAULT NULL,
  `updated_at` timestamp NULL DEFAULT NULL,
  PRIMARY KEY (`id`),
  UNIQUE KEY `tags_tag_unique` (`tag`)
) ENGINE=InnoDB AUTO_INCREMENT=6 DEFAULT CHARSET=utf8mb4 COLLATE=utf8mb4_unicode_ci;

-- ----------------------------
-- Records of tags
-- ----------------------------
BEGIN;
INSERT INTO `tags` VALUES (1, 'dolores', 'Dolores', 'Enim assumenda quibusdam et.', 'post-bg.jpg', 'Meta for dolores', 'blog.layouts.index', 0, '2020-11-04 15:29:52', '2020-11-04 15:29:52');
INSERT INTO `tags` VALUES (2, 'minus', 'Minus', 'Quia eos impedit nihil eos.', 'post-bg.jpg', 'Meta for minus', 'blog.layouts.index', 0, '2020-11-04 15:29:52', '2020-11-04 15:29:52');
INSERT INTO `tags` VALUES (3, 'quis', 'Quis', 'Temporibus omnis blanditiis dolore odio exercitationem fuga.', 'contact-bg.jpg', 'Meta for quis', 'blog.layouts.index', 0, '2020-11-04 15:29:52', '2020-11-04 15:29:52');
INSERT INTO `tags` VALUES (4, 'quo', 'Quo', 'A eveniet non consequatur qui exercitationem hic.', 'home-bg.jpg', 'Meta for quo', 'blog.layouts.index', 0, '2020-11-04 15:29:52', '2020-11-04 15:29:52');
INSERT INTO `tags` VALUES (5, 'consectetur', 'Consectetur', 'Culpa et ipsum dignissimos.', 'home-bg.jpg', 'Meta for consectetur', 'blog.layouts.index', 0, '2020-11-04 15:29:52', '2020-11-04 15:29:52');
COMMIT;

-- ----------------------------
-- Table structure for users
-- ----------------------------
DROP TABLE IF EXISTS `users`;
CREATE TABLE `users` (
  `id` int unsigned NOT NULL AUTO_INCREMENT,
  `name` varchar(255) COLLATE utf8mb4_unicode_ci NOT NULL,
  `email` varchar(255) COLLATE utf8mb4_unicode_ci NOT NULL,
  `email_verified_at` timestamp NULL DEFAULT NULL,
  `password` varchar(255) COLLATE utf8mb4_unicode_ci NOT NULL,
  `remember_token` varchar(100) COLLATE utf8mb4_unicode_ci DEFAULT NULL,
  `created_at` timestamp NULL DEFAULT NULL,
  `updated_at` timestamp NULL DEFAULT NULL,
  PRIMARY KEY (`id`),
  UNIQUE KEY `users_email_unique` (`email`)
) ENGINE=InnoDB AUTO_INCREMENT=2 DEFAULT CHARSET=utf8mb4 COLLATE=utf8mb4_unicode_ci;

-- ----------------------------
-- Records of users
-- ----------------------------
BEGIN;
INSERT INTO `users` VALUES (1, 'Admin', '1073298557@qq.com', NULL, '$2y$10$.JPT4912NCs/IpyfvGk7AOA28oYVhtrOF86VYkCSxVAS9T/Cw0ICa', 'ULF3yEpemc7W5MbBFRE6y8uqL516az3OzvCW9Hy0Fwwy6akWGyYFirKqFKR2', '2020-10-29 15:54:46', '2020-10-29 15:54:46');
COMMIT;

SET FOREIGN_KEY_CHECKS = 1;
